{
    "AUS": {
        "name": "Australia",
        "xlim": [
            109.0,
            155
        ],
        "ylim": [
            -44.4,
            -9.0
        ],
        "xlimGDA94": [
            -2051933.6746202477,
            2381952.1051532645
        ],
        "ylimGDA94": [
            -5203075.012876083,
            -1259913.2880088806
        ]
    },
    "QLD": {
        "name": "Queensland",
        "xlim": [
            136.5,
            155.0
        ],
        "ylim": [
            -30.0,
            -9.0
        ],
        "xlimGDA94": [
            238545.20906705954,
            2381952.1051532645
        ],
        "ylimGDA94": [
            -3391684.5604455816,
            -1259913.2880088806
        ]
    },
    "TAS": {
        "name": "Tasmania",
        "xlim": [
            144.38,
            148.55
        ],
        "ylim": [
            -43.83,
            -40.21
        ],
        "xlimGDA94": [
            862043.5224918426,
            1254590.992623367
        ],
        "ylimGDA94": [
            -4968347.352628745,
            -4593721.550063287
        ]
    },
    "WA": {
        "name": "Western Australia",
        "xlim": [
            113.52,
            129.26
        ],
        "ylim": [
            -44.0,
            -13.2
        ],
        "xlimGDA94": [
            -1692072.6775887427,
            -522050.9173766387
        ],
        "ylimGDA94": [
            -5090440.657466881,
            -1546881.42094332
        ]
    },
    "NSW": {
        "name": "New South Wales",
        "xlim": [
            140.6,
            154.0
        ],
        "ylim": [
            -38.0,
            -27.5
        ],
        "xlimGDA94": [
            583119.7998680237,
            1943834.4126244097
        ],
        "ylimGDA94": [
            -4288380.989786224,
            -3270499.491466237
        ]
    },
    "VIC": {
        "name": "Victoria",
        "xlim": [
            140.88,
            150.68
        ],
        "ylim": [
            -39.5,
            -33.9
        ],
        "xlimGDA94": [
            598638.9054075414,
            1530265.828064829
        ],
        "ylimGDA94": [
            -4457499.058445146,
            -3919793.217389518
        ]
    },
    "NT": {
        "name": "Northern Territory",
        "xlim": [
            128.0,
            138.4
        ],
        "ylim": [
            -26.08,
            -10.49
        ],
        "xlimGDA94": [
            -592813.9983718164,
            495347.5412949696
        ],
        "ylimGDA94": [
            -2974235.647586427,
            -1239252.0695040447
        ]
    },
    "MDB": {
        "name": "Murray-Darling drainage division",
        "xlim": [
            138.0,
            155.0
        ],
        "ylim": [
            -38.5,
            -23.0
        ],
        "xlimGDA94": [
            351729.6704898197,
            2122102.4273658027
        ],
        "ylimGDA94": [
            -4334567.716973048,
            -2800442.6064556474
        ]
    },
    "SWC": {
        "name": "South-West Coast drainage division",
        "xlim": [
            113.52,
            124.0
        ],
        "ylim": [
            -35.97,
            -27.22
        ],
        "xlimGDA94": [
            -1838929.9052590684,
            -977438.4052081148
        ],
        "ylimGDA94": [
            -4197273.576937544,
            -3123758.686625859
        ]
    },
    "PG": {
        "name": "Pilbara-Gascoyne drainage division",
        "xlim": [
            112.0,
            122.0
        ],
        "ylim": [
            -30.17,
            -19.58
        ],
        "xlimGDA94": [
            -2085383.6844316444,
            -1252288.3282576168
        ],
        "ylimGDA94": [
            -3590952.1050208043,
            -2306576.014437055
        ]
    },
    "NEC": {
        "name": "North-East Coast drainage division",
        "xlim": [
            142.27,
            153.98
        ],
        "ylim": [
            -30.0,
            -9.33
        ],
        "xlimGDA94": [
            788590.1466134691,
            2261275.6336341626
        ],
        "ylimGDA94": [
            -3415268.3646505815,
            -1278362.341563338
        ]
    },
    "SEN": {
        "name": "South East Coast (NSW) drainage division",
        "xlim": [
            148.78,
            154.3
        ],
        "ylim": [
            -37.7,
            -27.49
        ],
        "xlimGDA94": [
            1307355.7401677158,
            1972915.8246460408
        ],
        "ylimGDA94": [
            -4316539.370928817,
            -3274093.9725371245
        ]
    },
    "SEV": {
        "name": "South East Coast (VIC) drainage division",
        "xlim": [
            138.87,
            149.84
        ],
        "ylim": [
            -39.18,
            -35.55
        ],
        "xlimGDA94": [
            425243.66137648135,
            1430686.9479305863
        ],
        "ylimGDA94": [
            -4413414.841149576,
            -4090814.4642081955
        ]
    },
    "SEAUS": {
        "name": "South East Australia",
        "xlim": [
            140.81,
            153.6
        ],
        "ylim": [
            -44.03,
            -28.3
        ],
        "xlimGDA94": [
            564682.0064890777,
            1891673.3743356776
        ],
        "ylimGDA94": [
            -4971013.295342416,
            -3350887.3097598436
        ]
    },
    "NA": {
        "name": "Northern Australia",
        "xlim": [
            109,
            154
        ],
        "ylim": [
            -24,
            -9.33
        ],
        "xlimGDA94": [
            -2499739.1167209484,
            2263520.040402428
        ],
        "ylimGDA94": [
            -2981797.087795488,
            -1278722.391746325
        ]
    },
    "MDBS": {
        "name": "South of Murray Darling Basin",
        "xlim": [
            138.36,
            150.73
        ],
        "ylim": [
            -38.6,
            -31.55
        ],
        "xlimGDA94": [
            382984.89106343733,
            1569162.3423278925
        ],
        "ylimGDA94": [
            -4346807.566897158,
            -3664002.0954406373
        ]
    },
    "MDBN": {
        "name": "North of Murray Darling Basin",
        "xlim": [
            141.14,
            152.78
        ],
        "ylim": [
            -33.02,
            -23.0
        ],
        "xlimGDA94": [
            662124.2911230844,
            1899538.3132183636
        ],
        "ylimGDA94": [
            -3739894.9153701197,
            -2764920.263166069
        ]
    },
    "BIDGEE": {
        "name": "Murrumbidgee Basin",
        "xlim": [
            142.37,
            149.86
        ],
        "ylim": [
            -36.83,
            -33.5
        ],
        "xlimGDA94": [
            747975.1029918003,
            1461000.179151775
        ],
        "ylimGDA94": [
            -4167561.1959722624,
            -3866285.300630617
        ]
    },
    "MURRAY": {
        "name": "Murray Basin",
        "xlim": [
            138.36,
            149.86
        ],
        "ylim": [
            -38.6,
            -34.18
        ],
        "xlimGDA94": [
            382984.89106343733,
            1451557.038902536
        ],
        "ylimGDA94": [
            -4346807.566897158,
            -3940713.054906675
        ]
    },
    "CAPEYORK": {
        "name": "Cape York",
        "xlim": [
            137.0,
            148.7
        ],
        "ylim": [
            -17.0,
            -10.0
        ],
        "xlimGDA94": [
            320330.19864981197,
            1657991.1547543174
        ],
        "ylimGDA94": [
            -1965196.1030562886,
            -1271844.1570675597
        ]
    },
    "COASTALNSW": {
        "name": "Coastal New South Wales",
        "xlim": [
            147.5,
            155.0
        ],
        "ylim": [
            -38.5,
            -27.8
        ],